--
-- PostgreSQL database dump
--

\restrict 7h3u64CZAzdSTVUbi7sMh061a1NdahixFMDDH99dz01W47OG2amfNuwNlOkKgAY

-- Dumped from database version 16.13
-- Dumped by pg_dump version 16.13

SET statement_timeout = 0;
SET lock_timeout = 0;
SET idle_in_transaction_session_timeout = 0;
SET client_encoding = 'UTF8';
SET standard_conforming_strings = on;
SELECT pg_catalog.set_config('search_path', '', false);
SET check_function_bodies = false;
SET xmloption = content;
SET client_min_messages = warning;
SET row_security = off;

SET default_tablespace = '';

SET default_table_access_method = heap;

--
-- Name: accounts; Type: TABLE; Schema: public; Owner: postgres
--

CREATE TABLE public.accounts (
    id bigint NOT NULL,
    login character varying(50) NOT NULL,
    password_hash character varying(255) NOT NULL,
    nickname character varying(50) NOT NULL,
    wallet_balance bigint DEFAULT 5000 NOT NULL,
    created_at timestamp with time zone DEFAULT CURRENT_TIMESTAMP,
    last_bonus_at timestamp with time zone
);


ALTER TABLE public.accounts OWNER TO postgres;

--
-- Name: accounts_id_seq; Type: SEQUENCE; Schema: public; Owner: postgres
--

CREATE SEQUENCE public.accounts_id_seq
    START WITH 1
    INCREMENT BY 1
    NO MINVALUE
    NO MAXVALUE
    CACHE 1;


ALTER SEQUENCE public.accounts_id_seq OWNER TO postgres;

--
-- Name: accounts_id_seq; Type: SEQUENCE OWNED BY; Schema: public; Owner: postgres
--

ALTER SEQUENCE public.accounts_id_seq OWNED BY public.accounts.id;


--
-- Name: game_tables; Type: TABLE; Schema: public; Owner: postgres
--

CREATE TABLE public.game_tables (
    id uuid NOT NULL,
    name character varying(50) DEFAULT 'Table'::character varying NOT NULL,
    small_blind bigint NOT NULL,
    big_blind bigint NOT NULL,
    min_players integer DEFAULT 2 NOT NULL,
    max_players integer DEFAULT 6 NOT NULL,
    is_private boolean DEFAULT false NOT NULL,
    passcode character varying(50),
    creator_id bigint,
    created_at timestamp with time zone DEFAULT CURRENT_TIMESTAMP,
    is_system boolean DEFAULT false NOT NULL,
    CONSTRAINT chk_player_limits CHECK (((min_players >= 2) AND (max_players <= 10) AND (min_players <= max_players)))
);


ALTER TABLE public.game_tables OWNER TO postgres;

--
-- Name: transactions; Type: TABLE; Schema: public; Owner: postgres
--

CREATE TABLE public.transactions (
    id bigint NOT NULL,
    account_id bigint NOT NULL,
    table_id uuid,
    amount bigint NOT NULL,
    type character varying(20) NOT NULL,
    created_at timestamp with time zone DEFAULT CURRENT_TIMESTAMP
);


ALTER TABLE public.transactions OWNER TO postgres;

--
-- Name: transactions_id_seq; Type: SEQUENCE; Schema: public; Owner: postgres
--

CREATE SEQUENCE public.transactions_id_seq
    START WITH 1
    INCREMENT BY 1
    NO MINVALUE
    NO MAXVALUE
    CACHE 1;


ALTER SEQUENCE public.transactions_id_seq OWNER TO postgres;

--
-- Name: transactions_id_seq; Type: SEQUENCE OWNED BY; Schema: public; Owner: postgres
--

ALTER SEQUENCE public.transactions_id_seq OWNED BY public.transactions.id;


--
-- Name: accounts id; Type: DEFAULT; Schema: public; Owner: postgres
--

ALTER TABLE ONLY public.accounts ALTER COLUMN id SET DEFAULT nextval('public.accounts_id_seq'::regclass);


--
-- Name: transactions id; Type: DEFAULT; Schema: public; Owner: postgres
--

ALTER TABLE ONLY public.transactions ALTER COLUMN id SET DEFAULT nextval('public.transactions_id_seq'::regclass);


--
-- Data for Name: accounts; Type: TABLE DATA; Schema: public; Owner: postgres
--

COPY public.accounts (id, login, password_hash, nickname, wallet_balance, created_at, last_bonus_at) FROM stdin;
11	piwa	$2a$10$ArK4ilgfckehLQ7MOeG2f.S0u4O96/ZtsXorQjyFtQDJpi5LwyrBC	Piwas	500	2026-04-24 07:11:50.887633+03	\N
40	aa	$2a$10$Y260sHhRQ4Uy9B7Whev3k.PdOjCOGbUY.rVyoM/q02hV0CDrtwapK	aa	3000	2026-04-25 21:36:35.012414+03	\N
41	dd	$2a$10$lOpT/peWO2q5u2le1gGToeW2SkxplEgSNTL10RZowLAt22Yy3AaQC	dd	3000	2026-04-25 21:37:40.844895+03	\N
12	pipun	$2a$10$PYxR8G8yTyjx43IcYtJMhup5eTrpX4wwf4L39PTDSO0133eloiLFK	pipunchic	5000	2026-04-24 07:25:44.034335+03	\N
5	Vladislave	$2a$10$vVLIRTEdNzom.zxHVwRW1O51/0wdTaix9fIrT60Zytvuy1ZH72Ln.	Vlados_gay	5000	2026-04-23 19:07:26.21017+03	\N
38	i	$2a$10$5I1sCJ2WBhCA4UnK2/YY2u0ugrCB4N4/y1x16qK.bioww0zp6QrTC	i	50	2026-04-25 21:34:17.697356+03	2026-04-26 07:54:43.420386+03
17	aksamit	$2a$10$YtnAvG23bssuXB8DI6rtUOP2Ku7ZXQMgPLSY2Q.Oud8T9sUSIaIBa	Billy Herington	5000	2026-04-24 22:00:48.731686+03	\N
44	p2	$2a$10$PjN9jgcqqQoietWgWmedKe08GgOfvLO31R9CL.icaAYBkfTIdEEEu	p2	5000	2026-04-26 12:06:08.855146+03	\N
7	VLAD	$2a$10$MMDgytndnFhM8LxuEs5gO.k0nJtZ9ERHGzMvVNnwf5uzrumCzcija	Vlad	4900	2026-04-23 19:35:58.054887+03	\N
8	pipun_triumf	$2a$10$hIkdCz4uOCDcVj9onzDyuOoVKhK/dySvSArx9QozfyHRmzpmP3StC	pipun	7100	2026-04-23 19:44:19.93737+03	\N
2	poker_king	$2a$10$dzp0cr3wAZRzHLizYEVdCO089k4XhFHFkpYYC50XkZfzj36KiQCVS	Pipun	1000	2026-04-22 17:56:52.105278+03	\N
10	alex_pipun	$2a$10$iJ6TixhbYlfSWJ/Ur9OyMOJUSc9WW/BCOhDkLISLtkeoGmFh3IvPa	alex	5000	2026-04-23 20:26:49.503843+03	\N
43	p1	$2a$10$c8o6OO5irxUeNVnlcdWrSOjT6.IpUpeSsGHjBs16HznQFwXe3Io4.	p1	9900	2026-04-26 12:06:03.857876+03	2026-04-26 12:10:41.137081+03
45	p3	$2a$10$J4jF39ylfxPdtHGZ2qEkXegzzDLk1f5/AiVSup6d2f2DkxQH3VKca	p3	10100	2026-04-26 12:09:47.659321+03	2026-04-26 12:11:13.058347+03
6	Vlados_big_gay	$2a$10$eRQYVUKiGT1VImqVWBvsIueZtxhbmyRqx2xpDBFQwPtdPFhOb1W2.	Vlados_gay2	1200	2026-04-23 19:10:33.010828+03	\N
47	bot_431	$2a$10$XwzUfOZ/GuForaL1.aiQnelFleQMsZJRi5ZjJtnZefOMIwhfzyzLK	Bot_584	3000	2026-04-26 15:20:49.811203+03	\N
42	test	$2a$10$w/mpD07wBiiF2BYiUKyvIe/mosmU.l9W29GwmvREKD4KD8WJLcLXu	test	10280	2026-04-26 08:17:27.465407+03	2026-04-27 08:47:07.138287+03
46	qq	$2a$10$pqAzPHf5mYxf0.6lMEBvE.NmeaqyXvRvcxnHQAYdLPOseSV8.anCu	qq	12620	2026-04-26 14:04:00.578394+03	2026-04-26 15:03:15.497511+03
13	Arseniy_not	$2a$10$2EHGJT1cmI.TnA1.T99Fzu0Wrjxo.bUe549pX9RtU0an2.AVTKdcS	Arseniy_not_pro	2000	2026-04-24 07:37:19.506966+03	\N
51	хуйло1	$2a$10$uuDEcVVvUB7iD3P8OHEZU.Y01/xzzXeavFb5nGZUWAEPiU5C4kRcW	хуйло	3000	2026-04-27 19:16:07.683694+03	\N
52	лппрщв	$2a$10$9WnNXtEKVAbl8EncrJe5E.ZuRw/y5QSCmtXN584JfaFOE59sx0XGi	леха не хйло	3000	2026-04-27 19:18:06.625965+03	\N
49	хуйло	$2a$10$t3zi.M6Ae5D5WOlCGfLi8ejVD9xBMN.BSn0Q6z/m.0An7XDeXj7BC	хуйло	9800	2026-04-27 19:15:38.643426+03	2026-04-27 19:28:33.768442+03
37	t	$2a$10$AVZbHIXMP8n3xiuKPVXJROM8o43DxnzIODpgNW/.amdAM.da4WA5W	t	3000	2026-04-25 21:27:27.847726+03	\N
36	e	$2a$10$DeguzLwBhCLo0k6yydCJ4uHBb4cNXt6ahNtjBL.LpocGFr778g8fm	e	1000	2026-04-25 21:27:04.327563+03	\N
39	s	$2a$10$Po2om0Nb8sdI8dQDDmWl6ej2DJXBbVyx9a3uMnXluZFKmIPAASj7K	s	1000	2026-04-25 21:34:39.509745+03	\N
\.


--
-- Data for Name: game_tables; Type: TABLE DATA; Schema: public; Owner: postgres
--

COPY public.game_tables (id, name, small_blind, big_blind, min_players, max_players, is_private, passcode, creator_id, created_at, is_system) FROM stdin;
729b23f3-e1be-4f9c-a1fc-fccf47a50062	Table for suckers	10	20	2	10	f	\N	\N	2026-04-22 10:31:57.326567+03	t
d5648b68-e28a-43ca-a952-a32c21fcdf61	Not bad, not bad	100	200	2	10	f	\N	\N	2026-04-22 10:31:57.326567+03	t
db6da7bf-2be9-440d-9827-05a97bc94946	Normal	1000	2000	2	10	f	\N	\N	2026-04-22 10:31:57.326567+03	t
f575461b-6ad2-43ba-bdbd-05e0079ac96a	Table for loosers	100	200	3	10	f	\N	\N	2026-04-22 10:31:57.326567+03	t
\.


--
-- Data for Name: transactions; Type: TABLE DATA; Schema: public; Owner: postgres
--

COPY public.transactions (id, account_id, table_id, amount, type, created_at) FROM stdin;
1	2	d5648b68-e28a-43ca-a952-a32c21fcdf61	-2000	BUY_IN	2026-04-22 18:14:25.248344+03
2	2	\N	2000	SYSTEM_REFUND	2026-04-22 18:21:35.122916+03
3	2	d5648b68-e28a-43ca-a952-a32c21fcdf61	-2000	BUY_IN	2026-04-22 18:21:40.189366+03
4	2	\N	2000	SYSTEM_REFUND	2026-04-22 18:30:55.994336+03
5	2	d5648b68-e28a-43ca-a952-a32c21fcdf61	-2000	BUY_IN	2026-04-22 18:30:59.082015+03
6	2	\N	2000	SYSTEM_REFUND	2026-04-22 18:55:15.945554+03
7	2	d5648b68-e28a-43ca-a952-a32c21fcdf61	-2000	BUY_IN	2026-04-22 18:55:18.115347+03
8	2	\N	2000	SYSTEM_REFUND	2026-04-23 10:56:13.629935+03
9	2	d5648b68-e28a-43ca-a952-a32c21fcdf61	-2000	BUY_IN	2026-04-23 18:05:45.322799+03
10	2	d5648b68-e28a-43ca-a952-a32c21fcdf61	-2000	BUY_IN	2026-04-23 19:12:32.498103+03
11	7	d5648b68-e28a-43ca-a952-a32c21fcdf61	-2000	BUY_IN	2026-04-23 19:38:23.796648+03
12	6	d5648b68-e28a-43ca-a952-a32c21fcdf61	-2000	BUY_IN	2026-04-23 19:38:38.53158+03
13	6	\N	2000	SYSTEM_REFUND	2026-04-23 19:42:01.392878+03
14	7	d5648b68-e28a-43ca-a952-a32c21fcdf61	1900	CASH_OUT	2026-04-23 19:44:10.070853+03
15	6	d5648b68-e28a-43ca-a952-a32c21fcdf61	2000	CASH_OUT	2026-04-23 19:44:16.500945+03
16	8	d5648b68-e28a-43ca-a952-a32c21fcdf61	-2000	BUY_IN	2026-04-23 19:44:22.610819+03
17	8	\N	2000	SYSTEM_REFUND	2026-04-23 19:48:43.34016+03
18	2	d5648b68-e28a-43ca-a952-a32c21fcdf61	2000	CASH_OUT	2026-04-23 19:50:27.483686+03
19	8	d5648b68-e28a-43ca-a952-a32c21fcdf61	2100	CASH_OUT	2026-04-23 19:52:46.764628+03
20	2	729b23f3-e1be-4f9c-a1fc-fccf47a50062	-2000	BUY_IN	2026-04-23 19:53:45.9584+03
120	36	d5648b68-e28a-43ca-a952-a32c21fcdf61	-2000	BUY_IN	2026-04-25 21:27:07.916101+03
22	6	d5648b68-e28a-43ca-a952-a32c21fcdf61	-3000	BUY_IN	2026-04-24 06:46:01.336936+03
23	6	f575461b-6ad2-43ba-bdbd-05e0079ac96a	-3000	BUY_IN	2026-04-24 06:46:15.703661+03
24	6	\N	3000	SYSTEM_REFUND	2026-04-24 07:05:41.551272+03
25	6	d5648b68-e28a-43ca-a952-a32c21fcdf61	-3000	BUY_IN	2026-04-24 07:08:41.193+03
26	11	d5648b68-e28a-43ca-a952-a32c21fcdf61	-2000	BUY_IN	2026-04-24 07:12:34.261172+03
27	11	d5648b68-e28a-43ca-a952-a32c21fcdf61	1800	CASH_OUT	2026-04-24 07:19:19.270187+03
28	12	d5648b68-e28a-43ca-a952-a32c21fcdf61	-3000	BUY_IN	2026-04-24 07:25:50.086039+03
29	6	d5648b68-e28a-43ca-a952-a32c21fcdf61	200	CASH_OUT	2026-04-24 07:28:54.820718+03
30	12	\N	3000	SYSTEM_REFUND	2026-04-24 07:32:33.422098+03
31	12	f575461b-6ad2-43ba-bdbd-05e0079ac96a	-3000	BUY_IN	2026-04-24 07:37:34.377791+03
32	13	f575461b-6ad2-43ba-bdbd-05e0079ac96a	-3000	BUY_IN	2026-04-24 07:39:21.802011+03
33	13	\N	3000	SYSTEM_REFUND	2026-04-24 07:46:38.623437+03
34	13	d5648b68-e28a-43ca-a952-a32c21fcdf61	-3000	BUY_IN	2026-04-24 07:46:44.12373+03
35	13	\N	3000	SYSTEM_REFUND	2026-04-24 07:58:25.337738+03
36	12	\N	3000	SYSTEM_REFUND	2026-04-24 07:58:40.873075+03
37	12	d5648b68-e28a-43ca-a952-a32c21fcdf61	-3000	BUY_IN	2026-04-24 07:58:50.403106+03
38	11	d5648b68-e28a-43ca-a952-a32c21fcdf61	-2000	BUY_IN	2026-04-24 07:59:52.853446+03
39	12	\N	3000	SYSTEM_REFUND	2026-04-24 08:08:26.083699+03
40	12	f575461b-6ad2-43ba-bdbd-05e0079ac96a	-3000	BUY_IN	2026-04-24 08:09:40.44522+03
41	13	f575461b-6ad2-43ba-bdbd-05e0079ac96a	-3000	BUY_IN	2026-04-24 08:10:48.736772+03
42	11	f575461b-6ad2-43ba-bdbd-05e0079ac96a	-2000	BUY_IN	2026-04-24 08:11:52.944434+03
43	11	f575461b-6ad2-43ba-bdbd-05e0079ac96a	1700	CASH_OUT	2026-04-24 08:14:22.696532+03
44	11	f575461b-6ad2-43ba-bdbd-05e0079ac96a	-2000	BUY_IN	2026-04-24 13:17:32.441444+03
45	12	\N	3000	SYSTEM_REFUND	2026-04-24 13:27:02.469881+03
46	12	d5648b68-e28a-43ca-a952-a32c21fcdf61	-3000	BUY_IN	2026-04-24 13:27:05.037176+03
47	12	d5648b68-e28a-43ca-a952-a32c21fcdf61	3000	CASH_OUT	2026-04-24 13:50:09.196616+03
48	12	d5648b68-e28a-43ca-a952-a32c21fcdf61	-3000	BUY_IN	2026-04-24 13:52:12.559831+03
49	12	d5648b68-e28a-43ca-a952-a32c21fcdf61	3000	CASH_OUT	2026-04-24 13:53:19.014822+03
50	12	f575461b-6ad2-43ba-bdbd-05e0079ac96a	-3000	BUY_IN	2026-04-24 13:53:26.501211+03
51	12	f575461b-6ad2-43ba-bdbd-05e0079ac96a	3000	CASH_OUT	2026-04-24 13:54:10.223279+03
121	37	d5648b68-e28a-43ca-a952-a32c21fcdf61	-2000	BUY_IN	2026-04-25 21:27:28.904233+03
122	36	d5648b68-e28a-43ca-a952-a32c21fcdf61	-2000	BUY_IN	2026-04-25 21:28:40.058957+03
123	38	d5648b68-e28a-43ca-a952-a32c21fcdf61	-2000	BUY_IN	2026-04-25 21:34:21.147832+03
124	39	d5648b68-e28a-43ca-a952-a32c21fcdf61	-2000	BUY_IN	2026-04-25 21:34:41.074087+03
125	39	d5648b68-e28a-43ca-a952-a32c21fcdf61	-2000	BUY_IN	2026-04-25 21:35:42.436494+03
126	40	d5648b68-e28a-43ca-a952-a32c21fcdf61	-2000	BUY_IN	2026-04-25 21:36:35.789793+03
127	41	d5648b68-e28a-43ca-a952-a32c21fcdf61	-2000	BUY_IN	2026-04-25 21:37:42.254294+03
128	38	\N	2000	SYSTEM_REFUND	2026-04-26 07:54:43.383775+03
129	38	\N	5000	DAILY_BONUS	2026-04-26 07:54:43.420385+03
130	38	f575461b-6ad2-43ba-bdbd-05e0079ac96a	-2000	BUY_IN	2026-04-26 07:55:18.742034+03
131	38	f575461b-6ad2-43ba-bdbd-05e0079ac96a	2000	CASH_OUT	2026-04-26 07:55:20.857221+03
132	38	d5648b68-e28a-43ca-a952-a32c21fcdf61	-2000	BUY_IN	2026-04-26 07:55:21.665505+03
133	38	d5648b68-e28a-43ca-a952-a32c21fcdf61	2000	CASH_OUT	2026-04-26 07:55:22.698528+03
134	38	729b23f3-e1be-4f9c-a1fc-fccf47a50062	-200	BUY_IN	2026-04-26 07:55:23.330182+03
135	38	729b23f3-e1be-4f9c-a1fc-fccf47a50062	200	CASH_OUT	2026-04-26 07:55:24.232872+03
136	38	d5648b68-e28a-43ca-a952-a32c21fcdf61	-2000	BUY_IN	2026-04-26 08:01:57.893649+03
137	38	\N	2000	SYSTEM_REFUND	2026-04-26 08:13:33.423008+03
138	38	f575461b-6ad2-43ba-bdbd-05e0079ac96a	-2000	BUY_IN	2026-04-26 08:13:35.463336+03
139	38	f575461b-6ad2-43ba-bdbd-05e0079ac96a	2000	CASH_OUT	2026-04-26 08:13:38.799703+03
140	38	d5648b68-e28a-43ca-a952-a32c21fcdf61	-2000	BUY_IN	2026-04-26 08:13:39.447343+03
141	38	d5648b68-e28a-43ca-a952-a32c21fcdf61	2000	CASH_OUT	2026-04-26 08:13:40.847892+03
142	42	d5648b68-e28a-43ca-a952-a32c21fcdf61	-2000	BUY_IN	2026-04-26 08:17:30.682585+03
143	38	d5648b68-e28a-43ca-a952-a32c21fcdf61	-2000	BUY_IN	2026-04-26 08:17:33.467688+03
144	38	d5648b68-e28a-43ca-a952-a32c21fcdf61	-200	REBUY	2026-04-26 08:17:40.261243+03
145	38	d5648b68-e28a-43ca-a952-a32c21fcdf61	-200	REBUY	2026-04-26 08:17:41.19261+03
146	38	d5648b68-e28a-43ca-a952-a32c21fcdf61	-200	REBUY	2026-04-26 08:17:41.455078+03
147	38	d5648b68-e28a-43ca-a952-a32c21fcdf61	-200	REBUY	2026-04-26 08:17:41.946533+03
148	38	d5648b68-e28a-43ca-a952-a32c21fcdf61	-200	REBUY	2026-04-26 08:17:47.42645+03
149	38	d5648b68-e28a-43ca-a952-a32c21fcdf61	-5000	REBUY	2026-04-26 08:17:50.422522+03
150	38	d5648b68-e28a-43ca-a952-a32c21fcdf61	-200	REBUY	2026-04-26 08:17:51.319278+03
151	38	d5648b68-e28a-43ca-a952-a32c21fcdf61	-200	REBUY	2026-04-26 08:17:51.830383+03
152	38	d5648b68-e28a-43ca-a952-a32c21fcdf61	-200	REBUY	2026-04-26 08:17:51.880798+03
153	38	d5648b68-e28a-43ca-a952-a32c21fcdf61	-200	REBUY	2026-04-26 08:17:52.262301+03
154	38	d5648b68-e28a-43ca-a952-a32c21fcdf61	-200	REBUY	2026-04-26 08:17:52.547482+03
155	38	d5648b68-e28a-43ca-a952-a32c21fcdf61	-200	REBUY	2026-04-26 08:26:03.559918+03
156	38	d5648b68-e28a-43ca-a952-a32c21fcdf61	-200	REBUY	2026-04-26 08:26:03.88551+03
157	42	d5648b68-e28a-43ca-a952-a32c21fcdf61	-100	REBUY	2026-04-26 08:26:06.224313+03
158	42	d5648b68-e28a-43ca-a952-a32c21fcdf61	-100	REBUY	2026-04-26 08:26:06.53173+03
159	42	d5648b68-e28a-43ca-a952-a32c21fcdf61	-100	REBUY	2026-04-26 08:26:08.3744+03
160	38	d5648b68-e28a-43ca-a952-a32c21fcdf61	-200	REBUY	2026-04-26 08:26:47.880212+03
161	38	d5648b68-e28a-43ca-a952-a32c21fcdf61	-200	REBUY	2026-04-26 08:26:50.152954+03
162	38	d5648b68-e28a-43ca-a952-a32c21fcdf61	-200	REBUY	2026-04-26 08:26:50.456358+03
163	42	d5648b68-e28a-43ca-a952-a32c21fcdf61	1900	CASH_OUT	2026-04-26 08:28:03.490413+03
164	38	d5648b68-e28a-43ca-a952-a32c21fcdf61	2100	CASH_OUT	2026-04-26 08:29:29.591581+03
165	38	f575461b-6ad2-43ba-bdbd-05e0079ac96a	-2000	BUY_IN	2026-04-26 08:29:30.449739+03
166	38	f575461b-6ad2-43ba-bdbd-05e0079ac96a	2000	CASH_OUT	2026-04-26 08:29:31.742537+03
167	38	f575461b-6ad2-43ba-bdbd-05e0079ac96a	-2000	BUY_IN	2026-04-26 08:29:40.082002+03
168	42	d5648b68-e28a-43ca-a952-a32c21fcdf61	-2000	BUY_IN	2026-04-26 08:29:46.416552+03
169	42	d5648b68-e28a-43ca-a952-a32c21fcdf61	2000	CASH_OUT	2026-04-26 08:29:47.204541+03
170	42	f575461b-6ad2-43ba-bdbd-05e0079ac96a	-2000	BUY_IN	2026-04-26 08:29:48.041072+03
171	42	f575461b-6ad2-43ba-bdbd-05e0079ac96a	2000	CASH_OUT	2026-04-26 08:29:58.161359+03
172	42	d5648b68-e28a-43ca-a952-a32c21fcdf61	-2000	BUY_IN	2026-04-26 08:29:59.830583+03
173	38	f575461b-6ad2-43ba-bdbd-05e0079ac96a	2000	CASH_OUT	2026-04-26 08:30:04.200529+03
174	38	d5648b68-e28a-43ca-a952-a32c21fcdf61	-2000	BUY_IN	2026-04-26 08:30:04.943235+03
175	42	d5648b68-e28a-43ca-a952-a32c21fcdf61	-100	REBUY	2026-04-26 08:31:00.628422+03
176	42	d5648b68-e28a-43ca-a952-a32c21fcdf61	-100	REBUY	2026-04-26 08:31:00.692878+03
177	38	d5648b68-e28a-43ca-a952-a32c21fcdf61	1800	CASH_OUT	2026-04-26 08:32:16.317903+03
178	42	d5648b68-e28a-43ca-a952-a32c21fcdf61	2200	CASH_OUT	2026-04-26 08:32:44.867709+03
179	42	\N	5000	DAILY_BONUS	2026-04-26 08:32:54.911889+03
180	42	d5648b68-e28a-43ca-a952-a32c21fcdf61	-2000	BUY_IN	2026-04-26 08:33:00.661687+03
181	42	d5648b68-e28a-43ca-a952-a32c21fcdf61	2000	CASH_OUT	2026-04-26 08:33:08.635634+03
182	42	729b23f3-e1be-4f9c-a1fc-fccf47a50062	-200	BUY_IN	2026-04-26 08:33:19.095267+03
183	38	729b23f3-e1be-4f9c-a1fc-fccf47a50062	-200	BUY_IN	2026-04-26 08:33:26.269259+03
184	38	729b23f3-e1be-4f9c-a1fc-fccf47a50062	180	CASH_OUT	2026-04-26 08:33:39.360295+03
185	38	729b23f3-e1be-4f9c-a1fc-fccf47a50062	-300	BUY_IN	2026-04-26 08:34:53.746722+03
186	42	729b23f3-e1be-4f9c-a1fc-fccf47a50062	210	CASH_OUT	2026-04-26 08:57:46.275521+03
187	42	d5648b68-e28a-43ca-a952-a32c21fcdf61	-2400	BUY_IN	2026-04-26 08:58:08.417241+03
188	42	d5648b68-e28a-43ca-a952-a32c21fcdf61	2400	CASH_OUT	2026-04-26 08:58:11.48293+03
189	42	f575461b-6ad2-43ba-bdbd-05e0079ac96a	-2000	BUY_IN	2026-04-26 08:58:15.29212+03
190	38	729b23f3-e1be-4f9c-a1fc-fccf47a50062	310	CASH_OUT	2026-04-26 08:58:24.898059+03
191	42	f575461b-6ad2-43ba-bdbd-05e0079ac96a	2000	CASH_OUT	2026-04-26 08:59:38.699343+03
192	38	729b23f3-e1be-4f9c-a1fc-fccf47a50062	-200	BUY_IN	2026-04-26 09:05:02.127344+03
193	42	729b23f3-e1be-4f9c-a1fc-fccf47a50062	-200	BUY_IN	2026-04-26 09:05:04.264326+03
194	38	729b23f3-e1be-4f9c-a1fc-fccf47a50062	180	CASH_OUT	2026-04-26 09:13:59.902795+03
195	42	729b23f3-e1be-4f9c-a1fc-fccf47a50062	220	CASH_OUT	2026-04-26 09:15:02.703085+03
196	42	729b23f3-e1be-4f9c-a1fc-fccf47a50062	-200	BUY_IN	2026-04-26 09:15:03.711516+03
197	38	729b23f3-e1be-4f9c-a1fc-fccf47a50062	-200	BUY_IN	2026-04-26 09:15:06.796301+03
198	38	\N	200	SYSTEM_REFUND	2026-04-26 09:21:03.455687+03
199	38	729b23f3-e1be-4f9c-a1fc-fccf47a50062	-200	BUY_IN	2026-04-26 09:21:38.202807+03
200	42	\N	200	SYSTEM_REFUND	2026-04-26 09:32:37.651662+03
201	42	d5648b68-e28a-43ca-a952-a32c21fcdf61	-2000	BUY_IN	2026-04-26 09:32:39.468648+03
202	38	729b23f3-e1be-4f9c-a1fc-fccf47a50062	200	CASH_OUT	2026-04-26 09:32:44.663136+03
203	38	729b23f3-e1be-4f9c-a1fc-fccf47a50062	-200	BUY_IN	2026-04-26 09:32:45.723337+03
204	38	729b23f3-e1be-4f9c-a1fc-fccf47a50062	200	CASH_OUT	2026-04-26 09:32:47.833994+03
205	42	d5648b68-e28a-43ca-a952-a32c21fcdf61	2000	CASH_OUT	2026-04-26 09:33:52.247314+03
206	42	d5648b68-e28a-43ca-a952-a32c21fcdf61	-2000	BUY_IN	2026-04-26 09:33:52.884038+03
207	42	d5648b68-e28a-43ca-a952-a32c21fcdf61	2000	CASH_OUT	2026-04-26 09:33:55.833257+03
208	42	f575461b-6ad2-43ba-bdbd-05e0079ac96a	-2000	BUY_IN	2026-04-26 09:33:57.692685+03
209	38	729b23f3-e1be-4f9c-a1fc-fccf47a50062	-200	BUY_IN	2026-04-26 09:35:01.403657+03
210	38	729b23f3-e1be-4f9c-a1fc-fccf47a50062	200	CASH_OUT	2026-04-26 09:35:02.393319+03
211	38	729b23f3-e1be-4f9c-a1fc-fccf47a50062	-200	BUY_IN	2026-04-26 09:37:33.02689+03
212	38	729b23f3-e1be-4f9c-a1fc-fccf47a50062	200	CASH_OUT	2026-04-26 09:37:34.567869+03
213	42	f575461b-6ad2-43ba-bdbd-05e0079ac96a	2000	CASH_OUT	2026-04-26 09:43:16.582749+03
214	42	d5648b68-e28a-43ca-a952-a32c21fcdf61	-2000	BUY_IN	2026-04-26 09:43:18.751286+03
215	42	d5648b68-e28a-43ca-a952-a32c21fcdf61	2000	CASH_OUT	2026-04-26 09:43:19.754311+03
216	42	729b23f3-e1be-4f9c-a1fc-fccf47a50062	-200	BUY_IN	2026-04-26 09:43:20.307362+03
217	42	729b23f3-e1be-4f9c-a1fc-fccf47a50062	200	CASH_OUT	2026-04-26 09:43:21.390943+03
218	42	d5648b68-e28a-43ca-a952-a32c21fcdf61	-2000	BUY_IN	2026-04-26 09:43:23.06415+03
219	42	d5648b68-e28a-43ca-a952-a32c21fcdf61	2000	CASH_OUT	2026-04-26 09:43:24.156673+03
220	42	729b23f3-e1be-4f9c-a1fc-fccf47a50062	-200	BUY_IN	2026-04-26 09:43:30.42966+03
221	42	729b23f3-e1be-4f9c-a1fc-fccf47a50062	200	CASH_OUT	2026-04-26 09:43:31.430076+03
222	42	d5648b68-e28a-43ca-a952-a32c21fcdf61	-2000	BUY_IN	2026-04-26 09:43:32.580645+03
223	42	d5648b68-e28a-43ca-a952-a32c21fcdf61	2000	CASH_OUT	2026-04-26 09:43:34.802745+03
224	42	f575461b-6ad2-43ba-bdbd-05e0079ac96a	-2000	BUY_IN	2026-04-26 09:43:35.628004+03
225	42	f575461b-6ad2-43ba-bdbd-05e0079ac96a	2000	CASH_OUT	2026-04-26 09:43:36.647261+03
226	38	729b23f3-e1be-4f9c-a1fc-fccf47a50062	-200	BUY_IN	2026-04-26 09:43:50.286082+03
227	38	729b23f3-e1be-4f9c-a1fc-fccf47a50062	200	CASH_OUT	2026-04-26 09:43:52.645585+03
228	38	729b23f3-e1be-4f9c-a1fc-fccf47a50062	-200	BUY_IN	2026-04-26 10:05:10.864051+03
229	38	729b23f3-e1be-4f9c-a1fc-fccf47a50062	200	CASH_OUT	2026-04-26 10:05:12.870359+03
230	42	729b23f3-e1be-4f9c-a1fc-fccf47a50062	-200	BUY_IN	2026-04-26 10:41:53.664102+03
231	38	729b23f3-e1be-4f9c-a1fc-fccf47a50062	-200	BUY_IN	2026-04-26 10:41:56.25458+03
232	42	729b23f3-e1be-4f9c-a1fc-fccf47a50062	-20	REBUY	2026-04-26 10:45:18.97617+03
233	42	729b23f3-e1be-4f9c-a1fc-fccf47a50062	-20	REBUY	2026-04-26 10:45:34.774669+03
234	42	729b23f3-e1be-4f9c-a1fc-fccf47a50062	-20	REBUY	2026-04-26 10:45:34.807762+03
235	42	729b23f3-e1be-4f9c-a1fc-fccf47a50062	-200	BUY_IN	2026-04-26 10:45:39.005942+03
236	38	\N	200	SYSTEM_REFUND	2026-04-26 11:18:57.197698+03
237	42	\N	200	SYSTEM_REFUND	2026-04-26 11:19:07.666795+03
238	42	729b23f3-e1be-4f9c-a1fc-fccf47a50062	-200	BUY_IN	2026-04-26 11:19:09.146917+03
239	38	729b23f3-e1be-4f9c-a1fc-fccf47a50062	-200	BUY_IN	2026-04-26 11:19:11.887852+03
240	42	729b23f3-e1be-4f9c-a1fc-fccf47a50062	-20	REBUY	2026-04-26 11:20:14.610545+03
241	42	729b23f3-e1be-4f9c-a1fc-fccf47a50062	-20	REBUY	2026-04-26 11:20:27.403221+03
242	42	729b23f3-e1be-4f9c-a1fc-fccf47a50062	-20	REBUY	2026-04-26 11:20:28.93735+03
243	42	729b23f3-e1be-4f9c-a1fc-fccf47a50062	-200	BUY_IN	2026-04-26 11:20:39.298537+03
244	42	729b23f3-e1be-4f9c-a1fc-fccf47a50062	-500	REBUY	2026-04-26 11:22:36.429038+03
245	42	\N	500	SYSTEM_REFUND	2026-04-26 11:28:40.536829+03
246	38	\N	200	SYSTEM_REFUND	2026-04-26 11:28:55.437396+03
247	38	729b23f3-e1be-4f9c-a1fc-fccf47a50062	-200	BUY_IN	2026-04-26 11:28:58.416837+03
248	42	729b23f3-e1be-4f9c-a1fc-fccf47a50062	-200	BUY_IN	2026-04-26 11:29:01.439649+03
249	38	729b23f3-e1be-4f9c-a1fc-fccf47a50062	-20	REBUY	2026-04-26 11:32:09.069674+03
250	38	729b23f3-e1be-4f9c-a1fc-fccf47a50062	-200	BUY_IN	2026-04-26 11:32:24.757831+03
251	38	729b23f3-e1be-4f9c-a1fc-fccf47a50062	-200	BUY_IN	2026-04-26 11:46:34.14877+03
252	42	729b23f3-e1be-4f9c-a1fc-fccf47a50062	-20	REBUY	2026-04-26 11:48:59.34744+03
253	42	729b23f3-e1be-4f9c-a1fc-fccf47a50062	-20	REBUY	2026-04-26 11:48:59.76761+03
254	42	729b23f3-e1be-4f9c-a1fc-fccf47a50062	-20	REBUY	2026-04-26 11:48:59.853251+03
255	42	729b23f3-e1be-4f9c-a1fc-fccf47a50062	-20	REBUY	2026-04-26 11:49:00.045547+03
256	42	729b23f3-e1be-4f9c-a1fc-fccf47a50062	-20	REBUY	2026-04-26 11:49:00.369053+03
257	42	729b23f3-e1be-4f9c-a1fc-fccf47a50062	-20	REBUY	2026-04-26 11:49:16.558232+03
258	42	729b23f3-e1be-4f9c-a1fc-fccf47a50062	-20	REBUY	2026-04-26 11:49:16.827743+03
259	42	729b23f3-e1be-4f9c-a1fc-fccf47a50062	-400	REBUY	2026-04-26 11:49:19.611444+03
260	42	729b23f3-e1be-4f9c-a1fc-fccf47a50062	-400	REBUY	2026-04-26 11:49:19.695508+03
261	42	729b23f3-e1be-4f9c-a1fc-fccf47a50062	-500	REBUY	2026-04-26 11:50:27.730582+03
262	42	729b23f3-e1be-4f9c-a1fc-fccf47a50062	-20	REBUY	2026-04-26 11:51:47.787264+03
263	42	729b23f3-e1be-4f9c-a1fc-fccf47a50062	-20	REBUY	2026-04-26 11:51:48.887476+03
264	42	729b23f3-e1be-4f9c-a1fc-fccf47a50062	-20	REBUY	2026-04-26 11:51:49.384186+03
265	42	729b23f3-e1be-4f9c-a1fc-fccf47a50062	-20	REBUY	2026-04-26 11:51:49.555702+03
266	42	729b23f3-e1be-4f9c-a1fc-fccf47a50062	-20	REBUY	2026-04-26 11:51:49.679587+03
267	42	729b23f3-e1be-4f9c-a1fc-fccf47a50062	-30	REBUY	2026-04-26 11:51:52.913451+03
268	42	729b23f3-e1be-4f9c-a1fc-fccf47a50062	-20	REBUY	2026-04-26 11:51:53.663156+03
269	42	729b23f3-e1be-4f9c-a1fc-fccf47a50062	-200	BUY_IN	2026-04-26 11:52:07.051713+03
270	38	\N	200	SYSTEM_REFUND	2026-04-26 12:03:12.52248+03
271	38	729b23f3-e1be-4f9c-a1fc-fccf47a50062	-200	BUY_IN	2026-04-26 12:03:15.259932+03
272	42	\N	200	SYSTEM_REFUND	2026-04-26 12:03:26.600874+03
273	42	729b23f3-e1be-4f9c-a1fc-fccf47a50062	-200	BUY_IN	2026-04-26 12:03:27.906139+03
274	42	729b23f3-e1be-4f9c-a1fc-fccf47a50062	-20	REBUY	2026-04-26 12:04:19.109185+03
275	42	729b23f3-e1be-4f9c-a1fc-fccf47a50062	-20	REBUY	2026-04-26 12:04:33.426172+03
276	42	729b23f3-e1be-4f9c-a1fc-fccf47a50062	-20	REBUY	2026-04-26 12:04:33.752025+03
277	42	729b23f3-e1be-4f9c-a1fc-fccf47a50062	-20	REBUY	2026-04-26 12:04:33.923806+03
278	42	729b23f3-e1be-4f9c-a1fc-fccf47a50062	-20	REBUY	2026-04-26 12:04:34.252071+03
279	42	729b23f3-e1be-4f9c-a1fc-fccf47a50062	-20	REBUY	2026-04-26 12:04:34.760611+03
280	42	729b23f3-e1be-4f9c-a1fc-fccf47a50062	-200	BUY_IN	2026-04-26 12:04:45.128512+03
281	43	d5648b68-e28a-43ca-a952-a32c21fcdf61	-2000	BUY_IN	2026-04-26 12:09:23.582183+03
282	45	d5648b68-e28a-43ca-a952-a32c21fcdf61	-2000	BUY_IN	2026-04-26 12:10:11.628094+03
283	38	729b23f3-e1be-4f9c-a1fc-fccf47a50062	-20	REBUY	2026-04-26 12:10:18.608362+03
284	38	729b23f3-e1be-4f9c-a1fc-fccf47a50062	-200	REBUY	2026-04-26 12:10:37.075153+03
285	43	\N	2000	SYSTEM_REFUND	2026-04-26 12:10:41.13708+03
286	43	\N	5000	DAILY_BONUS	2026-04-26 12:10:41.13916+03
287	43	d5648b68-e28a-43ca-a952-a32c21fcdf61	1900	CASH_OUT	2026-04-26 12:10:41.143929+03
288	45	\N	2000	SYSTEM_REFUND	2026-04-26 12:11:13.058347+03
289	45	\N	5000	DAILY_BONUS	2026-04-26 12:11:13.058347+03
290	45	d5648b68-e28a-43ca-a952-a32c21fcdf61	2100	CASH_OUT	2026-04-26 12:11:13.065199+03
291	43	d5648b68-e28a-43ca-a952-a32c21fcdf61	-2000	BUY_IN	2026-04-26 12:11:47.270392+03
292	45	d5648b68-e28a-43ca-a952-a32c21fcdf61	-2000	BUY_IN	2026-04-26 12:12:04.461535+03
293	42	729b23f3-e1be-4f9c-a1fc-fccf47a50062	-200	BUY_IN	2026-04-26 12:12:26.882458+03
294	38	\N	200	SYSTEM_REFUND	2026-04-26 12:45:42.582934+03
295	42	\N	200	SYSTEM_REFUND	2026-04-26 12:45:54.765607+03
296	42	729b23f3-e1be-4f9c-a1fc-fccf47a50062	-200	BUY_IN	2026-04-26 12:45:55.873835+03
297	38	729b23f3-e1be-4f9c-a1fc-fccf47a50062	-200	BUY_IN	2026-04-26 12:45:58.698624+03
298	38	729b23f3-e1be-4f9c-a1fc-fccf47a50062	-20	REBUY	2026-04-26 12:46:29.227166+03
299	38	729b23f3-e1be-4f9c-a1fc-fccf47a50062	-200	BUY_IN	2026-04-26 12:46:54.800518+03
300	42	729b23f3-e1be-4f9c-a1fc-fccf47a50062	-200	BUY_IN	2026-04-26 12:49:30.069526+03
301	42	729b23f3-e1be-4f9c-a1fc-fccf47a50062	-300	REBUY	2026-04-26 12:51:19.610288+03
302	38	729b23f3-e1be-4f9c-a1fc-fccf47a50062	-500	REBUY	2026-04-26 13:08:21.568589+03
303	38	729b23f3-e1be-4f9c-a1fc-fccf47a50062	-20	REBUY	2026-04-26 13:17:28.514148+03
304	38	729b23f3-e1be-4f9c-a1fc-fccf47a50062	-20	REBUY	2026-04-26 13:17:28.815809+03
305	38	729b23f3-e1be-4f9c-a1fc-fccf47a50062	-20	REBUY	2026-04-26 13:17:29.014543+03
306	38	729b23f3-e1be-4f9c-a1fc-fccf47a50062	-20	REBUY	2026-04-26 13:17:29.435386+03
307	38	729b23f3-e1be-4f9c-a1fc-fccf47a50062	-20	REBUY	2026-04-26 13:17:29.472199+03
308	38	729b23f3-e1be-4f9c-a1fc-fccf47a50062	-20	REBUY	2026-04-26 13:17:29.72974+03
309	38	729b23f3-e1be-4f9c-a1fc-fccf47a50062	-20	REBUY	2026-04-26 13:17:30.046213+03
310	38	729b23f3-e1be-4f9c-a1fc-fccf47a50062	-20	REBUY	2026-04-26 13:17:30.455548+03
311	38	729b23f3-e1be-4f9c-a1fc-fccf47a50062	-20	REBUY	2026-04-26 13:17:41.309014+03
312	38	729b23f3-e1be-4f9c-a1fc-fccf47a50062	-20	REBUY	2026-04-26 13:17:41.626813+03
313	38	729b23f3-e1be-4f9c-a1fc-fccf47a50062	-20	REBUY	2026-04-26 13:17:41.919934+03
314	38	729b23f3-e1be-4f9c-a1fc-fccf47a50062	-20	REBUY	2026-04-26 13:17:42.235648+03
315	38	729b23f3-e1be-4f9c-a1fc-fccf47a50062	-20	REBUY	2026-04-26 13:17:42.536451+03
316	38	729b23f3-e1be-4f9c-a1fc-fccf47a50062	-20	REBUY	2026-04-26 13:17:42.844635+03
317	42	729b23f3-e1be-4f9c-a1fc-fccf47a50062	1600	CASH_OUT	2026-04-26 13:46:47.864715+03
318	38	\N	20	SYSTEM_REFUND	2026-04-26 14:03:43.328343+03
319	46	729b23f3-e1be-4f9c-a1fc-fccf47a50062	-200	BUY_IN	2026-04-26 14:04:05.505025+03
320	42	729b23f3-e1be-4f9c-a1fc-fccf47a50062	-200	BUY_IN	2026-04-26 14:04:16.893169+03
321	46	729b23f3-e1be-4f9c-a1fc-fccf47a50062	-200	BUY_IN	2026-04-26 14:05:12.99582+03
322	46	\N	200	SYSTEM_REFUND	2026-04-26 15:03:15.468531+03
323	46	\N	5000	DAILY_BONUS	2026-04-26 15:03:15.497511+03
324	42	\N	200	SYSTEM_REFUND	2026-04-26 15:03:27.024745+03
325	42	729b23f3-e1be-4f9c-a1fc-fccf47a50062	-200	BUY_IN	2026-04-26 15:03:28.597449+03
326	46	729b23f3-e1be-4f9c-a1fc-fccf47a50062	-200	BUY_IN	2026-04-26 15:03:31.497532+03
327	42	729b23f3-e1be-4f9c-a1fc-fccf47a50062	-20	REBUY	2026-04-26 15:04:03.850023+03
328	42	729b23f3-e1be-4f9c-a1fc-fccf47a50062	-120	REBUY	2026-04-26 15:06:24.037595+03
329	42	729b23f3-e1be-4f9c-a1fc-fccf47a50062	-200	BUY_IN	2026-04-26 15:07:18.836298+03
330	42	729b23f3-e1be-4f9c-a1fc-fccf47a50062	-200	BUY_IN	2026-04-26 15:08:52.056394+03
331	47	d5648b68-e28a-43ca-a952-a32c21fcdf61	-2000	BUY_IN	2026-04-26 15:20:49.943449+03
332	42	729b23f3-e1be-4f9c-a1fc-fccf47a50062	190	CASH_OUT	2026-04-26 15:59:07.162556+03
333	46	729b23f3-e1be-4f9c-a1fc-fccf47a50062	750	CASH_OUT	2026-04-26 20:24:01.602838+03
334	46	729b23f3-e1be-4f9c-a1fc-fccf47a50062	-200	BUY_IN	2026-04-26 20:30:41.065215+03
335	42	729b23f3-e1be-4f9c-a1fc-fccf47a50062	-200	BUY_IN	2026-04-26 20:30:50.177004+03
336	42	729b23f3-e1be-4f9c-a1fc-fccf47a50062	-200	BUY_IN	2026-04-26 20:31:56.028269+03
337	42	729b23f3-e1be-4f9c-a1fc-fccf47a50062	180	CASH_OUT	2026-04-26 20:33:09.524925+03
338	42	729b23f3-e1be-4f9c-a1fc-fccf47a50062	-200	BUY_IN	2026-04-26 20:40:11.12169+03
339	42	729b23f3-e1be-4f9c-a1fc-fccf47a50062	160	CASH_OUT	2026-04-26 20:41:23.169127+03
340	46	729b23f3-e1be-4f9c-a1fc-fccf47a50062	460	CASH_OUT	2026-04-26 20:41:25.931713+03
341	46	729b23f3-e1be-4f9c-a1fc-fccf47a50062	-200	BUY_IN	2026-04-26 20:41:26.768456+03
342	42	729b23f3-e1be-4f9c-a1fc-fccf47a50062	-200	BUY_IN	2026-04-26 20:41:29.331315+03
343	42	729b23f3-e1be-4f9c-a1fc-fccf47a50062	-200	BUY_IN	2026-04-26 20:42:28.346293+03
344	46	729b23f3-e1be-4f9c-a1fc-fccf47a50062	390	CASH_OUT	2026-04-26 20:46:56.905407+03
345	46	729b23f3-e1be-4f9c-a1fc-fccf47a50062	-200	BUY_IN	2026-04-26 20:47:04.078448+03
346	46	729b23f3-e1be-4f9c-a1fc-fccf47a50062	400	CASH_OUT	2026-04-26 20:47:51.779671+03
347	42	729b23f3-e1be-4f9c-a1fc-fccf47a50062	10	CASH_OUT	2026-04-26 20:48:16.870979+03
348	42	729b23f3-e1be-4f9c-a1fc-fccf47a50062	-200	BUY_IN	2026-04-26 20:48:21.097435+03
349	46	729b23f3-e1be-4f9c-a1fc-fccf47a50062	-200	BUY_IN	2026-04-26 20:49:21.703673+03
377	46	\N	200	SYSTEM_REFUND	2026-04-26 20:55:49.825118+03
378	42	\N	200	SYSTEM_REFUND	2026-04-26 20:56:03.83374+03
379	42	729b23f3-e1be-4f9c-a1fc-fccf47a50062	-200	BUY_IN	2026-04-26 20:56:05.029732+03
380	46	729b23f3-e1be-4f9c-a1fc-fccf47a50062	-200	BUY_IN	2026-04-26 20:56:08.770767+03
381	42	729b23f3-e1be-4f9c-a1fc-fccf47a50062	-200	BUY_IN	2026-04-26 20:57:08.170831+03
382	46	\N	200	SYSTEM_REFUND	2026-04-27 08:04:51.27429+03
383	46	729b23f3-e1be-4f9c-a1fc-fccf47a50062	-200	BUY_IN	2026-04-27 08:04:55.560186+03
384	42	\N	200	SYSTEM_REFUND	2026-04-27 08:05:04.258019+03
385	42	729b23f3-e1be-4f9c-a1fc-fccf47a50062	-200	BUY_IN	2026-04-27 08:05:05.444354+03
386	46	729b23f3-e1be-4f9c-a1fc-fccf47a50062	400	CASH_OUT	2026-04-27 08:45:36.646863+03
387	42	729b23f3-e1be-4f9c-a1fc-fccf47a50062	-200	BUY_IN	2026-04-27 08:45:38.384571+03
388	46	729b23f3-e1be-4f9c-a1fc-fccf47a50062	-200	BUY_IN	2026-04-27 08:45:40.655552+03
389	46	\N	200	SYSTEM_REFUND	2026-04-27 08:46:49.825795+03
390	46	729b23f3-e1be-4f9c-a1fc-fccf47a50062	400	CASH_OUT	2026-04-27 08:46:49.828972+03
391	42	\N	200	SYSTEM_REFUND	2026-04-27 08:47:07.12801+03
392	42	\N	5000	DAILY_BONUS	2026-04-27 08:47:07.138287+03
393	42	729b23f3-e1be-4f9c-a1fc-fccf47a50062	-200	BUY_IN	2026-04-27 08:47:23.873538+03
394	46	729b23f3-e1be-4f9c-a1fc-fccf47a50062	-200	BUY_IN	2026-04-27 08:47:26.141191+03
395	42	729b23f3-e1be-4f9c-a1fc-fccf47a50062	-200	BUY_IN	2026-04-27 08:50:28.114996+03
396	46	729b23f3-e1be-4f9c-a1fc-fccf47a50062	600	CASH_OUT	2026-04-27 08:51:40.15284+03
397	46	729b23f3-e1be-4f9c-a1fc-fccf47a50062	-200	BUY_IN	2026-04-27 08:51:40.902397+03
398	42	729b23f3-e1be-4f9c-a1fc-fccf47a50062	-200	BUY_IN	2026-04-27 08:51:43.792276+03
399	42	729b23f3-e1be-4f9c-a1fc-fccf47a50062	-200	BUY_IN	2026-04-27 08:55:51.254868+03
400	42	729b23f3-e1be-4f9c-a1fc-fccf47a50062	390	CASH_OUT	2026-04-27 08:58:29.445229+03
401	46	729b23f3-e1be-4f9c-a1fc-fccf47a50062	210	CASH_OUT	2026-04-27 08:58:31.804319+03
402	46	729b23f3-e1be-4f9c-a1fc-fccf47a50062	-200	BUY_IN	2026-04-27 08:58:32.757457+03
403	42	729b23f3-e1be-4f9c-a1fc-fccf47a50062	-200	BUY_IN	2026-04-27 08:58:34.290526+03
404	46	729b23f3-e1be-4f9c-a1fc-fccf47a50062	-20	REBUY	2026-04-27 08:59:29.154645+03
405	46	729b23f3-e1be-4f9c-a1fc-fccf47a50062	20	CASH_OUT	2026-04-27 08:59:56.707808+03
406	46	729b23f3-e1be-4f9c-a1fc-fccf47a50062	-200	BUY_IN	2026-04-27 08:59:57.62247+03
407	42	729b23f3-e1be-4f9c-a1fc-fccf47a50062	400	CASH_OUT	2026-04-27 08:59:59.660369+03
408	42	729b23f3-e1be-4f9c-a1fc-fccf47a50062	-200	BUY_IN	2026-04-27 09:00:00.388513+03
409	46	729b23f3-e1be-4f9c-a1fc-fccf47a50062	10	CASH_OUT	2026-04-27 09:01:14.213196+03
410	46	729b23f3-e1be-4f9c-a1fc-fccf47a50062	-200	BUY_IN	2026-04-27 09:02:28.358711+03
411	42	729b23f3-e1be-4f9c-a1fc-fccf47a50062	180	CASH_OUT	2026-04-27 09:03:03.674253+03
412	42	729b23f3-e1be-4f9c-a1fc-fccf47a50062	-200	BUY_IN	2026-04-27 09:03:03.717176+03
413	46	729b23f3-e1be-4f9c-a1fc-fccf47a50062	400	CASH_OUT	2026-04-27 09:03:06.851479+03
414	46	729b23f3-e1be-4f9c-a1fc-fccf47a50062	-200	BUY_IN	2026-04-27 09:03:11.498155+03
415	42	729b23f3-e1be-4f9c-a1fc-fccf47a50062	10	CASH_OUT	2026-04-27 09:04:11.261419+03
416	42	729b23f3-e1be-4f9c-a1fc-fccf47a50062	-200	BUY_IN	2026-04-27 09:04:13.232499+03
417	46	729b23f3-e1be-4f9c-a1fc-fccf47a50062	600	CASH_OUT	2026-04-27 09:09:03.612065+03
418	42	\N	200	SYSTEM_REFUND	2026-04-27 09:09:09.524102+03
419	42	729b23f3-e1be-4f9c-a1fc-fccf47a50062	-200	BUY_IN	2026-04-27 09:09:17.03951+03
420	46	729b23f3-e1be-4f9c-a1fc-fccf47a50062	-200	BUY_IN	2026-04-27 09:09:25.346221+03
421	42	729b23f3-e1be-4f9c-a1fc-fccf47a50062	400	CASH_OUT	2026-04-27 09:12:36.205962+03
422	46	729b23f3-e1be-4f9c-a1fc-fccf47a50062	-200	BUY_IN	2026-04-27 09:12:55.176033+03
423	46	729b23f3-e1be-4f9c-a1fc-fccf47a50062	200	CASH_OUT	2026-04-27 09:12:56.781496+03
424	46	729b23f3-e1be-4f9c-a1fc-fccf47a50062	-200	BUY_IN	2026-04-27 09:12:59.894904+03
425	42	729b23f3-e1be-4f9c-a1fc-fccf47a50062	-200	BUY_IN	2026-04-27 09:13:01.940025+03
426	42	729b23f3-e1be-4f9c-a1fc-fccf47a50062	-200	BUY_IN	2026-04-27 09:13:30.387113+03
427	42	\N	200	SYSTEM_REFUND	2026-04-27 09:14:13.958541+03
428	42	729b23f3-e1be-4f9c-a1fc-fccf47a50062	-200	BUY_IN	2026-04-27 09:14:23.420627+03
429	46	729b23f3-e1be-4f9c-a1fc-fccf47a50062	800	CASH_OUT	2026-04-27 09:21:19.671461+03
430	51	d5648b68-e28a-43ca-a952-a32c21fcdf61	-2000	BUY_IN	2026-04-27 19:16:42.562616+03
431	52	d5648b68-e28a-43ca-a952-a32c21fcdf61	-2000	BUY_IN	2026-04-27 19:18:12.297447+03
432	49	\N	5000	DAILY_BONUS	2026-04-27 19:28:33.784001+03
433	49	729b23f3-e1be-4f9c-a1fc-fccf47a50062	-200	BUY_IN	2026-04-27 19:28:41.481135+03
\.


--
-- Name: accounts_id_seq; Type: SEQUENCE SET; Schema: public; Owner: postgres
--

SELECT pg_catalog.setval('public.accounts_id_seq', 52, true);


--
-- Name: transactions_id_seq; Type: SEQUENCE SET; Schema: public; Owner: postgres
--

SELECT pg_catalog.setval('public.transactions_id_seq', 433, true);


--
-- Name: accounts accounts_login_key; Type: CONSTRAINT; Schema: public; Owner: postgres
--

ALTER TABLE ONLY public.accounts
    ADD CONSTRAINT accounts_login_key UNIQUE (login);


--
-- Name: accounts accounts_pkey; Type: CONSTRAINT; Schema: public; Owner: postgres
--

ALTER TABLE ONLY public.accounts
    ADD CONSTRAINT accounts_pkey PRIMARY KEY (id);


--
-- Name: game_tables game_tables_pkey; Type: CONSTRAINT; Schema: public; Owner: postgres
--

ALTER TABLE ONLY public.game_tables
    ADD CONSTRAINT game_tables_pkey PRIMARY KEY (id);


--
-- Name: transactions transactions_pkey; Type: CONSTRAINT; Schema: public; Owner: postgres
--

ALTER TABLE ONLY public.transactions
    ADD CONSTRAINT transactions_pkey PRIMARY KEY (id);


--
-- Name: game_tables game_tables_creator_id_fkey; Type: FK CONSTRAINT; Schema: public; Owner: postgres
--

ALTER TABLE ONLY public.game_tables
    ADD CONSTRAINT game_tables_creator_id_fkey FOREIGN KEY (creator_id) REFERENCES public.accounts(id) ON DELETE SET NULL;


--
-- Name: transactions transactions_account_id_fkey; Type: FK CONSTRAINT; Schema: public; Owner: postgres
--

ALTER TABLE ONLY public.transactions
    ADD CONSTRAINT transactions_account_id_fkey FOREIGN KEY (account_id) REFERENCES public.accounts(id) ON DELETE CASCADE;


--
-- Name: transactions transactions_table_id_fkey; Type: FK CONSTRAINT; Schema: public; Owner: postgres
--

ALTER TABLE ONLY public.transactions
    ADD CONSTRAINT transactions_table_id_fkey FOREIGN KEY (table_id) REFERENCES public.game_tables(id) ON DELETE SET NULL;


--
-- PostgreSQL database dump complete
--

\unrestrict 7h3u64CZAzdSTVUbi7sMh061a1NdahixFMDDH99dz01W47OG2amfNuwNlOkKgAY

